{"cameraMode":{"drawMode":0,"name":"Shaded","section":"Shading Mode"},"sceneLighting":true,"audioPlay":false,"sceneViewState":{"m_AlwaysRefresh":false,"showFog":true,"showSkybox":true,"showFlares":true,"showImageEffects":true,"showParticleSystems":true,"showVisualEffectGraphs":true,"m_FxEnabled":true},"in2DMode":false,"pivot":{"x":-0.13940173387527467,"y":0.3679978847503662,"z":0.04595375061035156},"rotation":{"x":-0.049763273447752,"y":-0.032357700169086459,"z":0.0016124076209962369,"w":-0.998237669467926},"size":1.2073969841003419,"orthographic":false}